item_id	name
1155	26 Greenline Womens BC-704
1156	26'' Micargi Super M600
1157	26 Greenline Womens BC-109
1158	26 Greenline Womens BC-105DL
1159	20 Greenline Womens BC-200
1160	26 Greenline BC-110 Mens Big Guy
1161	26 Greenline Men's BC-106
1162	Micargi High Security U Lock
1163	Greenline Large Mounting Metal Cruiser Basket
1164	Micargi Key Cable Lock
1165	Micargi Combo Cable Lock
1166	26'' Micargi Womens Tahiti
1167	26'' Micargi Super M3000
1168	26'' Micargi Super M1000
1169	20'' Micargi Super M200
1170	20'' Micargi Prado Chopper
1171	20'' Micargi Super M100
1172	24'' Micargi Prado Deluxe Chopper
1173	26'' Micargi Super M90
1174	24'' Micargi Super M80
1175	26'' Micargi Puma GTS Chopper
1176	20'' Micargi Explorer BMX
1177	26'' Micargi Puma Deluxe Chopper
1178	20'' Micargi Explorer V2.0 BMX
1179	20'' Micargi Excel BMX
1180	26'' Micargi Falcon Chopper
1181	20'' Micargi Viper BMX
1182	26'' Micargi Falcon GT
1183	27'' Micargi RS888
1184	26'' Micargi Falcon GTS
1185	26'' Micargi Men's Tahiti
1186	26''  Micargi Mustang GTS
1187	26'' Micargi Mens Tahiti NX3
1188	26'' Micargi Womens Tahiti NX3
1189	20'' Micargi Jaos
1190	20'' Micargi Leopard
1191	24'' Micargi Leopard Deluxe
1192	26'' Micargi Mens Pantera
1193	26'' Micargi Classic
1194	16'' Micargi Boys Kiddy
1195	16'' Micargi Girls Kiddy
1196	12'' Micargi Boys Kidco
1197	12'' Micargi Girls Kidco
1198	12'' Micargi Boys MBR12Y
1199	12'' Micargi Girls MBR12Y
1200	20'' Micargi Boys Dragon
1201	20'' Micargi Girls Dragon
1202	16'' Micargi Tiger
1203	26'' Micargi Island
1204	26'' Micargi Sport
1205	26'' Micargi Womens M60
1206	26'' Micargi LS2007
1207	26'' Micargi Womens Pantera GTS
1208	26'' Micargi Mens Pantera 7SP
1209	26'' Micargi Mens Rover
1210	26'' Micargi Womens Rover
1211	26'' Micargi Mens Rover GX
1212	26'' Micargi Womens Rover GX
1213	26'' Micargi Mens Rover NX3
1214	26'' Micargi Womens Rover NX3
1215	26'' Micargi Mens Rover GT
1216	26'' Micargi Mens Huntington
1217	26'' Micargi Womens Bronco GTS
1218	26'' Micargi Mens Pantera GTS
1219	24'' Micargi Mens Pantera
1220	24'' Micargi Womens Pantera
1221	20'' Micargi Mens Jetta
1222	20'' Micargi Womens Jetta
1223	20'' Micargi Mens Hero
1224	20'' Micargi Womens Hero
1225	Micargi Children's Helmet
1226	Micargi Adult Helmet
1227	Green Line Small Metal Hanging Cruiser Basket
1228	Green Line Large Metal Hanging Beach Cruiser Basket
1229	20'' Micargi M2
1230	26'' Micargi Mens M60
1231	26'' Micargi Mens M50
1232	26'' Micargi Womens M50
1233	24'' Micargi Mens M40
1234	24'' Micargi Womens M40
1235	20'' Micargi Men's M30
1236	20'' Micargi Mens M20
1237	20'' Micargi Womens M20
1238	26'' Micargi Womens Pantera 7SP
1239	26 Greenline Women's Kruiser 1 A P L
1240	26 Greenline CB-2601A
1241	26'' Greenline Women's BC-106L
1242	Gas Cap
1243	26'' Greenline BC-113
1244	26 Greenline BC-704
1245	26'' Greenline BC-103
1246	26'' Greenline BC-118
1247	26'' Greenline BC-115
1248	26 Greenline Men's Kruiser 3 A P M
1249	Green Light Hand Made Rattan Basket
1250	26'' Greenline 3-Speed BC-305
1251	Green Line Dark Ratan Beach Cruiser Basket
1252	Headlight - Front with Battery Indicator
1253	66/80cc Flying Horse Silver Angle Fire Bicycle Engine Kit - 2 Stroke
1254	Chrome 24 Inch Wheel Unicycle
1255	Red 20 Inch Wheel Unicycle
1256	Blue 18 Inch Wheel Unicycle
1257	Red 16 Inch Wheel Unicycle
1258	Yellow 16 Inch Wheel Unicycle
1259	26 Greenline Aluminum 3 SPD Premium BC-306PM
1260	26 Greenline Men's BC-119
1261	26 Greenline Men's Kruiser 1 A P M
1262	26'' Greenline 7 Speed Tandem
1263	26'' Greenline 7-Speed Men's BC-706M
1264	26'' Greenline 3 SPD Premium Women's BC-306PL
1265	26'' Greenline Foldable 7 Speed Tandem
1266	20'' Greenline  Boy's BC-2006
1267	26'' Greenline 7-Speed Shimano Tourney RD-TX55 Womens BC-706 P L
1268	20'' Greenline Aluminum BMX-122A
1269	24'' Greenline Men's BC-2406
1270	24'' Greenline Girls BC-2406
1271	26 Greenline Men's BC-105M
1272	20'' Greenline Girls BC-2006
1273	24 Micargi Rover Womens
1274	20 Micargi Low Rider F4
1275	26 Micargi Men's General
1276	24 Micargi Jaos 3.0
1277	26 Micargi Polo
1278	20 Micargi Prince
1279	24 Micargi Men's Rover
1280	26 Micargi Men's Stealth Beach Cruiser
1281	26 Micargi 3 SPD Mustang NX3
1282	26 Micargi Men's 7 Speed Rover
1283	26 Micargi Women's Rover 7 Speed
1284	26 Micargi Touch Men's
1285	26 Women's Touch 7 Speed
1286	26 Micargi Touch Women's
1287	26 Micargi SX4
1288	Grubee SkyHawk Black 48cc Bicycle Engine Kit EPA Certified
1289	Magneto Loop Set
1290	CDI Electron Ignition Coil
1291	NT Carburetor
1292	Alloy Clutch Lever
1293	Throttle Grip Handle Set
1294	Kill Switch
1295	Chain Idler Pulley
1296	Fuel Valve
1297	Clutch Cable
1298	Throttle Cable
1299	Fuel Filter
1300	Universal Mounting Bracket
1301	2.5 L Black Gas Tank
1302	Gas Cap
1303	Spark Plug
1304	Spark Plug Removal Tool
1305	44 Tooth Sprocket
1306	Sprocket Clamp Assembly
1307	415 Heavy Duty Chain
1308	Chain Guard (Black)
1309	EPA Certified Chrome Muffler
1310	EPA Certified Black Muffler
1311	Muffler Clamp
1312	66/80cc Piston #2
1313	66cc (80cc) Piston Ring Set
1314	415 Chain Master Link
1315	Vitta Fuel Line
1316	80cc Cylinder Body
1317	80cc Cylinder Body Cap
1318	Head Stud Cap Nut Set (4)
1319	Motor Mount
1320	Motor Mount Bracket
1321	Crank
1322	Crank Case Gasket
1323	Gear Case Gasket
1324	Bottom Head Gasket
1325	66/80cc Head Gasket (Top)
1326	Muffler Gasket
1327	Magneto Magnet
1328	202 Main Bearing
1329	Small Bevel Wheel
1330	10 Tooth Drive Sprocket
1331	Drive Sprocket Removal Tool
1332	Clutch Wheel Nut
1333	Small Seal Loop #2
1334	Large Seal Loop
1335	Intake / Exhaust Stud
1336	Front Motor Mount Stud
1337	Motor Head Stud
1338	Clutch Shaft
1339	Clutch Pin Mandrel
1340	Clutch Camshaft
1341	Clutch Arm
1342	Clutch Wire Clip
1343	Clutch Bevel Wheel
1344	Crank Cover
1345	Gear Case Cover
1346	Magneto Case Cover
1347	Drive Sprocket Case Cover
1348	26 Greenline Women's Kruiser 3 A P L
1349	26 Greenline Women's Kruiser 7 A L
1350	26 Greenline Men's Kruiser 7 A P M
1351	Greenline 7-Speed Tandem BCT-709i
1352	BULK ORDER-5 x Flying Horse Silver 80cc Bicycle Engine Kits EPA
1353	BULK ORDER-5 x Flying Horse Black 80cc Bicycle Engine Kits EPA
1356	BULK ORDER-10 Flying Horse x Silver 80cc Bicycle Engine Kits EPA
1357	BULK ORDER-10 x Flying Horse Black 80cc Bicycle Engine Kits EPA
1360	Motorized 26 Micargi Men's Rover GX Beach Cruiser (DIY)
1361	80cc Angle Fire Cylinder Body Cap
1362	Float kits
1363	Combo Brake and Clutch Lever
1364	1.5 L Black Gas Tank
1365	1.5 L Chrome Gas Tank
1366	2.5 L Chrome Gas Tank
1367	36 Tooth Rear Sprocket
1368	50 Tooth Sprocket
1369	Standard  66/80cc Bicycle Engine Only
1370	24 Micargi Royal
1371	Clutch Arm Spring
1372	Extension Spring
1373	Magneto Case Gasket
1374	Motor Mount Stud
1375	Universal T Bracket
1376	Grubee SkyHawk Silver 66/80cc Angle Fire Bike Engine Kit EPA Cer
1377	Metal Wire Rear Rack
1378	66/80cc Flying Horse Black Angle Fire Bicycle Engine Kits - 2 Stroke
1379	26 Micargi Women's Rover LX
1380	26 Micargi Men's Rover LX
1381	26 Micargi Men's Touch 7 Speed
1382	Green Line Oval Beach Cruiser Basket
1383	26 Micargi Women's Cheetah GTS
1384	26 Micargi Men's Cheetah GTS
1385	Wellgo Pedals
1386	Greenline Pedals
1387	Greenline Pedals with Metal Sides
1388	Greenline Round Electric Horn with Mountings
1389	Greenline Kickstand
1390	Greenline Cushion Grips with Marine Crops Design
1391	Greenline Cushion Grips with Navy Design
1392	Greenline Portable Bicycle Foot Pump
1393	Greenline Bicycle Seat
1394	Greenline Bicycle Lock
1395	Greenline Helmet in Black and Pink
1396	Greenline Helmet in Red
1397	Greenline Helmet in Purple
1398	Greenline Helmet in Pink
1399	Greenline Helmet in Orange
1400	Greenline Helmet in Mint Green
1401	Greenline Helmet in Flat Black
1402	Greenline Helmet in Graphite
1403	Orange 16 Inch Wheel Unicycle
1404	Blue 16 Inch Wheel Unicycle
1405	Red 18 Inch Wheel Unicycle
1406	Yellow 18 Inch Wheel Unicycle
1407	Chrome 18 Inch Wheel Unicycle
1408	Chrome 20 Inch Wheel Unicycle
1409	Red 24 Inch Wheel Unicycle
1410	Chrome 16 Inch Wheel Unicycle
1411	Lemon 16 Inch Wheel Unicycle
1412	Lemon 18 Inch Wheel Unicycle
1413	Orange 18 Inch Wheel Unicycle
1414	Lemon 20 Inch Wheel Unicycle
1415	20 Micargi TT61A NX3
1416	20 Micargi TA01B
1417	20 Micargi TA07B 7Sp
1418	Heat Shield Spring
1419	Intake Manifold Gasket
1420	Spring Gasket
1421	Spring Gasket PI-14
1422	Piston Pin #2
1423	Chain Guard (Chrome)
1424	26'' Micargi Women's Pantera
1426	Greenline Women's Helmet
1427	Grubee SkyHawk Black 66/80cc Angle Fire Bike Engine Kit EPA Cert
1428	Grubee SkyHawk Silver 48cc Bicycle Engine Angle Fire Kit EPA Cer
1429	26 Men's Micargi Tahiti LX
1430	26 Women's Tahiti LX
1431	Green Line Oval Beach Cruiser Basket with Top
1432	SunLite Flame 26 x 3 Tire
1433	Synthetic Leather Cushion Grips with Stitching
1434	chrome 4 stroke muffler
1435	26 Pink Front Rim
1436	26 Micargi  Women's Cheetah
1437	26 Micargi Women's Cheetah 7SPD Beach Cruiser
1438	26 Men's Micargi Cheetah NX3
1439	26 Women's Osaka
1440	26 Men's Micargi Osaka
1441	26 Micargi RD-268
1442	Standard 26 Inner Tube
1443	Bicycle Tire Levers 3 Pack
1444	Single Boost Bottle Induction Kit
1445	Motorized 28 Micargi Men's Osaka Commuter Bicycle (DIY)
1446	Dual Boost Bottle Induction Kit
1447	Greenline Classic 28 Bike
1448	700c Greenline XG-7000 Fixie Fixed Gear Racing Bicycle
1449	26 Micargi Women's Cheetah NX3
1450	Micargi 48cm RD-267 Fixed Gear
1451	Micargi 48cm RD-269 Fixed Gear
1452	26 Micargi Men's Cheetah
1453	Metal Pedals
1454	Bullet Head Light
1455	Rectangle Chrome Mirror
1456	4 Stroke Pull Start Grubee SkyHawk 49cc Bicycle Engine Kits EPA
1457	Piston Retaining Clips
1458	Clutch Actuator Bearing
1459	Crank Connector Bearing
1460	Clutch Cover
1461	Intake Manifold
1462	Accelerator Grip Retainer
1463	Bucking Bar
1464	Shaft Fixed Pin
1465	Pull Start Assembly
1466	26 Greenline Womens BC-105L
1467	26'' Greenline Women's BC-106PL
1468	26 Greenline Men's BC-106PM
1469	Micargi Women's Classic
1470	Micargi Men's Classic
1471	26 Micargi SX3
1472	Greenline Basket Liner- Small - Dalmatian Prints
1473	Greenline Basket Liner- Small - Dog Prints
1474	Greenline Basket Liner- Small - Giraffe Prints
1475	Greenline Basket Liner- Small - Tiger Prints
1476	Greenline Basket Liner- Small - Leopard Prints
1477	Greenline Basket Liner- Small - Baby Leopard Prints
1478	Greenline Basket Liner- Small -Zebra Prints
1479	Greenline Basket Liner- Large- Dog Print
1480	Greenline Basket Liner- Large- Giraffe Print
1481	Greenline Basket Liner- Small- Hibiscus Prints
1482	Greenline Basket Liner- Large- Baby Leopard Print
1483	Greenline Basket Liner- Large- Dalmatian Print
1484	Greenline Basket Liner- Large- Tiger Print
1485	Greenline Basket Liner- Large- Leopard Print
1486	Greenline Basket Liner- Large- Zebra Print
1487	Greenline Basket Liner- Large- Hawaiian Print
1488	Greenline Basket Liner- Large- Hibiscus Print
1489	Greenline Basket Liner- Large- Turtle Print
1490	Greenline Basket Liner- Small- Turtle Print
1491	Greenline Seat Cover- Dalmatian Print
1492	Greenline Seat Cover- Tiger Print
1493	Greenline Seat Cover- Leopard Print
1494	Greenline Seat Cover- Giraffe Print
1495	Greenline Seat Cover- Dog Print
1496	Greenline Saddle with Back Rest
1497	Greenline Seat Cover- Baby Leopard Print
1498	Greenline Seat Cover- Hibiscus Print
1499	Greenline Seat Cover- Hawaiian Print
1500	Greenline Seat Cover- Turtle Print
1501	Greenline Bell- Small
1502	Greenline Bell- Large
1503	Greenline Seat- Extra Soft - Vanilla with Black Checker
1504	16 Greenline- FB 1602
1506	Flat Key
1507	Round Chrome Side Mirror
1508	Woodruff Key
1509	Greenline- Axle Pegs
1510	Greenline- Duck Tail Fenders
1511	26 x 1.75 Silver Front Wheel with 36 Spokes
1512	26 x 1.75 Black Front Wheel with 36 Spokes
1513	Greenline- 36 Spokes Aluminum Alloy Wheel- Front
1514	Greenline- 36 Spokes Aluminum Alloy Wheel- Front
1515	Greenline- 36 Spokes Aluminum Alloy Wheel- Rear
1516	Greenline- 36 Spokes Aluminum Alloy Wheel- Rear
1517	Greenline- 36 Spokes Aluminum Alloy Wheel- Rear
1518	Motorized 26  Greenline Men's BC-106PM Beach Cruiser (DIY)
1519	26 Brake Kit
1520	Chain Breaker
1521	Wide Crank Assembly
1522	Rear Wheel Adjustable Kickstand
1523	Bicycle Tire Repair Kit
1524	Heavy Duty 26 Inner Tube
1525	Standard Alloy Metal pedals 1/2 thread
1526	Micargi Bicycle Lock
1527	Chain Idler Pulley with Bearing Wheel
1528	Chain Idler Pulley without Bearing
1529	Pulley Wheel with Bearing
1530	Pulley Wheel
1531	Nitrous Oxide Kit
1532	66/80cc Mega Motors Silver Bicycle Engine Kit- 2 Stroke
1533	66/80cc Mega Motors Black  Bicycle Engine Kit- 2 Stroke
1534	Cone CNS High Performance Carburetor
1535	CNS High Performance Carburetor
1536	BikeBerry.com T-Shirt
1538	26 Greenline BC-106PL 2-Tone
1539	Motorized 26  Greenline Men's BC-706 Beach Cruiser (DIY)
1540	Maxima:  Quick 2 Mix Bottle
1541	Maxima Scooter Pro 2-Stroke Synthetic Motor Oil 1 Liter
1542	Maxima Chain Wax
1543	Maxima Clean Up Chain Cleaner
1544	THH T-380 Open Face Helmet
1545	2-Stroke Bicycle Engine Kit Installation DVD
1546	48cc Mega Motors Silver Bicycle Engine Kit- 2 Stroke
1547	Expansion Chamber
1548	24 Micargi Women's Tivola
1549	Grubee SkyHawk GT-5SR SUPER RAT Silver 66/80cc Angle Fire Bike E
1550	Greenline- Heavy Duty Springer Fork
1551	Main Clutch Spring
1552	Round Column Bolt
1553	26 Bronco 3.0 GTS
1554	Clutch Screw Base
1555	Integrated Brake Lever and Kill Switch Throttle Handle Assembly
1556	CNS Carburetor Rebuild Kit
1557	28 Beach Cruiser Handlebar
1558	Mini Ape Hanger Handlebar
1559	27 Stainless Steel Beach Cruiser Handlebar
1560	Ape Hanger Handlebar
1561	Forza 700x18-23 Bicycle Tube
1562	Sunlite HL-L530 LED Headlight
1563	Center Kick Stand
1564	Rear Axle Kickstands
1565	BikeMaster Chain Breaker
1566	Park Tool Heavy Duty Steel Tire Lever Set
1567	Sunlite Steel Tire Lever Set
1568	Sunlite 8-Slot Round Spoke Wrench
1569	Sunlite Freewheel Remover
1570	Sunlite Hex Head Y Wrench
1571	Sunlite 30-32/36-40 Head Set
1572	Sunlite Series II Crank Puller
1573	Origin 8 Chain Tension Adjuster
1574	Sunlite Bugle Horn
1575	Sunlite C-Sport Whipper Snapper Seat Bag
1576	Sunlite Utili-T Handlebar Roll Bag
1577	Sunlite Single Speed 22 Tooth Sprocket
1578	Spark Plug Cap
1579	Sunlite Grabber Platform Pedals
1580	Sunlite Alloy Dual Brake Lever
1581	Free Wheel Heavy Duty Axle Kit
1582	26 Micargi Puma 3.0 GTS Stretch Chopper
1583	26 Micargi Onyx Men's Beach Cruiser
1584	26 Micargi Puma 3.0 Stretch Chopper
1585	26 Micargi Men's Cougar GTS Beach Cruiser
1586	Chrome Drive Sprocket Case Cover
1587	Chrome Gear Case Cover
1588	Chrome Magneto Case Cover
1589	Chrome Case Cover 3 Pack
1590	48cc Magneto Case Cover
1591	410 Chain Master Link
1592	Red Baron Aviator Goggles
1593	Cateye Velo 5 Bicycle Computer
1594	48cc Flying Horse Silver Bicycle Engine Kit- 2 Stroke
1595	26 Greenline Womens BC-706PL
1596	49cc Flying Horse 5G Pull Start Bicycle Engine Kit- 4 Stroke
1597	410 Bicycle Engine Chain
1598	66cc/80cc Bottom Crank Case Body
1599	1 x 15 Layback Seat Post
1600	1 x 12 Chrome Seat Post
1601	Sprocket Clamp Assembly Nuts (9 Pack)
1602	Park Tool PCS-9 Home Mechanic Repair Stand
1603	Drive Sprocket Case Cover Screws
1604	High Performance Three-Prong Spark Plug
1605	Sunlite TL-L520 LED Taillight
1606	Sunlite TL-L510 LED Taillight
1607	JNM Vibration Motor Mounts
1608	Small Seal Loop #1
1609	66/80cc Piston #5
1610	Piston Pin #5
1611	Liquid Caddy Beverage Holder
1612	Sunlite 26 MTB Front and Rear Brake Kit
1613	RBR Vintage Victor/Hairpin Style Saddle
1614	JNM Sound Dampener Kit
1615	Motorized 26 Micargi Men's Stealth Beach Cruiser (DIY)
1616	Motorized 26 Micargi Men's Tahiti Beach Cruiser (DIY)
1617	Motorized 26 Micargi Men's Pantera Beach Cruiser (DIY)
1618	Motorized 26 Micargi Men's Pantera GTS Beach Cruiser (DIY)
1619	Motorized 26 Micargi Men's General Beach Cruiser (DIY)
1620	Motorized 26 Micargi Men's Huntington Beach Cruiser Bike (DIY)
1621	Motorized 26 Micargi Men's M50 Mountain Bike (DIY)
1622	48cc Flying Horse Pull Start Centrifugal Clutch Bicycle Engine Kit- 2 Stroke
1623	48cc Flying Horse Black Bicycle Engine Kit- 2 Stroke
1624	26'' Greenline Men's BC-105DM
1625	26 Greenline Men's Kruiser 7 A P M
1626	26 Greenline Men's Kruiser 1 A M
1627	26 Greenline Men's Kruiser 3 A P M
1628	Bullet Head Light Generator Kit
1629	Pyramid Bicycle Brake Cable
1630	Sunlite Rear Extension Fender
1631	Sunlite 26 V Brake Fork
1632	Trik Topz Custom Valve Cap
1633	RBR Small Vintage Saddle
1634	Greenline Seat- Oversize
1635	Sunlite Cloud-9 Gel Cruiser Saddle
